Label,TodoCount,StartTime,EndTime
Delete,1,2024-11-30 20:27:52.715794,2024-11-30 20:27:52.719326
Delete,5,2024-11-30 20:27:55.759711,2024-11-30 20:27:55.768827
Delete,10,2024-11-30 20:27:58.820390,2024-11-30 20:27:58.833141
Delete,25,2024-11-30 20:28:01.950791,2024-11-30 20:28:01.988819
Delete,50,2024-11-30 20:28:05.211237,2024-11-30 20:28:05.291021
Delete,100,2024-11-30 20:28:08.684358,2024-11-30 20:28:08.826467
Delete,200,2024-11-30 20:28:12.576201,2024-11-30 20:28:12.842456
Update_Put_TitleOnly,1,2024-11-30 20:28:15.861243,2024-11-30 20:28:15.862771
Update_Put_TitleOnly,5,2024-11-30 20:28:18.898217,2024-11-30 20:28:18.906163
Update_Put_TitleOnly,10,2024-11-30 20:28:21.948787,2024-11-30 20:28:21.967908
Update_Put_TitleOnly,25,2024-11-30 20:28:25.100323,2024-11-30 20:28:25.140180
Update_Put_TitleOnly,50,2024-11-30 20:28:28.328890,2024-11-30 20:28:28.398756
Update_Put_TitleOnly,100,2024-11-30 20:28:31.787396,2024-11-30 20:28:31.966799
Update_Put_TitleOnly,200,2024-11-30 20:28:35.671410,2024-11-30 20:28:35.964586
Update_Put_AllFields,1,2024-11-30 20:28:38.982392,2024-11-30 20:28:38.983655
Update_Put_AllFields,5,2024-11-30 20:28:42.016118,2024-11-30 20:28:42.022607
Update_Put_AllFields,10,2024-11-30 20:28:45.073875,2024-11-30 20:28:45.110250
Update_Put_AllFields,25,2024-11-30 20:28:48.211699,2024-11-30 20:28:48.248865
Update_Put_AllFields,50,2024-11-30 20:28:51.416086,2024-11-30 20:28:51.480031
Update_Put_AllFields,100,2024-11-30 20:28:54.817773,2024-11-30 20:28:54.954612
Update_Put_AllFields,200,2024-11-30 20:28:58.624191,2024-11-30 20:28:58.896838
Update_Post_TitleOnly,1,2024-11-30 20:29:01.916501,2024-11-30 20:29:01.918485
Update_Post_TitleOnly,5,2024-11-30 20:29:04.946487,2024-11-30 20:29:04.953513
Update_Post_TitleOnly,10,2024-11-30 20:29:07.993192,2024-11-30 20:29:08.008901
Update_Post_TitleOnly,25,2024-11-30 20:29:11.121763,2024-11-30 20:29:11.158669
Update_Post_TitleOnly,50,2024-11-30 20:29:14.337544,2024-11-30 20:29:14.428048
Update_Post_TitleOnly,100,2024-11-30 20:29:17.747464,2024-11-30 20:29:17.902880
Update_Post_TitleOnly,200,2024-11-30 20:29:21.563889,2024-11-30 20:29:21.813126
Create_OnlyTitle,1,2024-11-30 20:27:06.505732,2024-11-30 20:27:06.619595
Create_OnlyTitle,5,2024-11-30 20:27:09.640595,2024-11-30 20:27:09.681777
Create_OnlyTitle,10,2024-11-30 20:27:12.704579,2024-11-30 20:27:12.783247
Create_OnlyTitle,25,2024-11-30 20:27:15.806401,2024-11-30 20:27:15.977124
Create_OnlyTitle,50,2024-11-30 20:27:18.994658,2024-11-30 20:27:19.318110
Create_OnlyTitle,100,2024-11-30 20:27:22.339268,2024-11-30 20:27:22.899300
Create_OnlyTitle,200,2024-11-30 20:27:25.920230,2024-11-30 20:27:26.907441
Update_Post_AllFields,1,2024-11-30 20:29:24.827502,2024-11-30 20:29:24.828974
Update_Post_AllFields,5,2024-11-30 20:29:27.857544,2024-11-30 20:29:27.866649
Update_Post_AllFields,10,2024-11-30 20:29:30.915287,2024-11-30 20:29:30.940181
Update_Post_AllFields,25,2024-11-30 20:29:34.033543,2024-11-30 20:29:34.093380
Update_Post_AllFields,50,2024-11-30 20:29:37.302658,2024-11-30 20:29:37.371978
Update_Post_AllFields,100,2024-11-30 20:29:40.666519,2024-11-30 20:29:40.795366
Update_Post_AllFields,200,2024-11-30 20:29:44.357608,2024-11-30 20:29:44.588460
Create_AllFields,1,2024-11-30 20:27:29.922074,2024-11-30 20:27:29.927495
Create_AllFields,5,2024-11-30 20:27:32.944721,2024-11-30 20:27:32.966756
Create_AllFields,10,2024-11-30 20:27:35.981150,2024-11-30 20:27:36.020992
Create_AllFields,25,2024-11-30 20:27:39.037988,2024-11-30 20:27:39.167666
Create_AllFields,50,2024-11-30 20:27:42.180752,2024-11-30 20:27:42.399401
Create_AllFields,100,2024-11-30 20:27:45.412953,2024-11-30 20:27:45.850021
Create_AllFields,200,2024-11-30 20:27:48.865032,2024-11-30 20:27:49.696677
